iso3c,iso2c,country,capital,long,lat,regionID,region_iso2c,region,adminID,admin_iso2c,admin,incomeID,income_iso2c,income,lendingID,lending_iso2c,lending,database_last_updated,BIZZ.CENSUS
AFG,AF,Afghanistan,Kabul,69.1761,34.5228,SAS,8S,South Asia,SAS,8S,South Asia,LIC,XM,Low income,IDX,XI,IDA,2019,NA
ALB,AL,Albania,Tirane,19.8172,41.3317,ECS,Z7,Europe & Central Asia,ECA,7E,Europe & Central Asia (excluding high income),UMC,XT,Upper middle income,IBD,XF,IBRD,2019,NA
DZA,DZ,Algeria,Algiers,3.05097,36.7397,MEA,ZQ,Middle East & North Africa,MNA,XQ,Middle East & North Africa (excluding high income),UMC,XT,Upper middle income,IBD,XF,IBRD,2019,2010
AGO,AO,Angola,Luanda,13.242,-8.81155,SSF,ZG,Sub-Saharan Africa ,SSA,ZF,Sub-Saharan Africa (excluding high income),LMC,XN,Lower middle income,IBD,XF,IBRD,2019,"2002, 2011"
ATG,AG,Antigua and Barbuda,Saint John's,-61.8456,17.1175,LCN,ZJ,Latin America & Caribbean ,NA,NA,NA,HIC,XD,High income,IBD,XF,IBRD,2019,NA
ARG,AR,Argentina,Buenos Aires,-58.4173,-34.6118,LCN,ZJ,Latin America & Caribbean ,LAC,XJ,Latin America & Caribbean (excluding high income),UMC,XT,Upper middle income,IBD,XF,IBRD,2019,NA
ARM,AM,Armenia,Yerevan,44.509,40.1596,ECS,Z7,Europe & Central Asia,ECA,7E,Europe & Central Asia (excluding high income),UMC,XT,Upper middle income,IBD,XF,IBRD,2019,NA
AZE,AZ,Azerbaijan,Baku,49.8932,40.3834,ECS,Z7,Europe & Central Asia,ECA,7E,Europe & Central Asia (excluding high income),UMC,XT,Upper middle income,IBD,XF,IBRD,2019,NA
BGD,BD,Bangladesh,Dhaka,90.4113,23.7055,SAS,8S,South Asia,SAS,8S,South Asia,LMC,XN,Lower middle income,IDX,XI,IDA,2019,NA
BLR,BY,Belarus,Minsk,27.5766,53.9678,ECS,Z7,Europe & Central Asia,ECA,7E,Europe & Central Asia (excluding high income),UMC,XT,Upper middle income,IBD,XF,IBRD,2019,NA
BLZ,BZ,Belize,Belmopan,-88.7713,17.2534,LCN,ZJ,Latin America & Caribbean ,LAC,XJ,Latin America & Caribbean (excluding high income),UMC,XT,Upper middle income,IBD,XF,IBRD,2019,NA
BEN,BJ,Benin,Porto-Novo,2.6323,6.4779,SSF,ZG,Sub-Saharan Africa ,SSA,ZF,Sub-Saharan Africa (excluding high income),LIC,XM,Low income,IDX,XI,IDA,2019,2008
BTN,BT,Bhutan,Thimphu,89.6177,27.5768,SAS,8S,South Asia,SAS,8S,South Asia,LMC,XN,Lower middle income,IDX,XI,IDA,2019,NA
BOL,BO,Bolivia,La Paz,-66.1936,-13.9908,LCN,ZJ,Latin America & Caribbean ,LAC,XJ,Latin America & Caribbean (excluding high income),LMC,XN,Lower middle income,IBD,XF,IBRD,2019,NA
BIH,BA,Bosnia and Herzegovina,Sarajevo,18.4214,43.8607,ECS,Z7,Europe & Central Asia,ECA,7E,Europe & Central Asia (excluding high income),UMC,XT,Upper middle income,IBD,XF,IBRD,2019,NA
BWA,BW,Botswana,Gaborone,25.9201,-24.6544,SSF,ZG,Sub-Saharan Africa ,SSA,ZF,Sub-Saharan Africa (excluding high income),UMC,XT,Upper middle income,IBD,XF,IBRD,2019,NA
BRA,BR,Brazil,Brasilia,-47.9292,-15.7801,LCN,ZJ,Latin America & Caribbean ,LAC,XJ,Latin America & Caribbean (excluding high income),UMC,XT,Upper middle income,IBD,XF,IBRD,2019,NA
BGR,BG,Bulgaria,Sofia,23.3238,42.7105,ECS,Z7,Europe & Central Asia,ECA,7E,Europe & Central Asia (excluding high income),UMC,XT,Upper middle income,IBD,XF,IBRD,2019,NA
BFA,BF,Burkina Faso,Ouagadougou,-1.53395,12.3605,SSF,ZG,Sub-Saharan Africa ,SSA,ZF,Sub-Saharan Africa (excluding high income),LIC,XM,Low income,IDX,XI,IDA,2019,NA
BDI,BI,Burundi,Bujumbura,29.3639,-3.3784,SSF,ZG,Sub-Saharan Africa ,SSA,ZF,Sub-Saharan Africa (excluding high income),LIC,XM,Low income,IDX,XI,IDA,2019,NA
CPV,CV,Cabo Verde,Praia,-23.5087,14.9218,SSF,ZG,Sub-Saharan Africa ,SSA,ZF,Sub-Saharan Africa (excluding high income),LMC,XN,Lower middle income,IDB,XH,Blend,2019,NA
KHM,KH,Cambodia,Phnom Penh,104.874,11.5556,EAS,Z4,East Asia & Pacific,EAP,4E,East Asia & Pacific (excluding high income),LMC,XN,Lower middle income,IDX,XI,IDA,2019,2011
CMR,CM,Cameroon,Yaounde,11.5174,3.8721,SSF,ZG,Sub-Saharan Africa ,SSA,ZF,Sub-Saharan Africa (excluding high income),LMC,XN,Lower middle income,IDB,XH,Blend,2019,NA
CAF,CF,Central African Republic,Bangui,21.6407,5.63056,SSF,ZG,Sub-Saharan Africa ,SSA,ZF,Sub-Saharan Africa (excluding high income),LIC,XM,Low income,IDX,XI,IDA,2019,NA
TCD,TD,Chad,N'Djamena,15.0445,12.1048,SSF,ZG,Sub-Saharan Africa ,SSA,ZF,Sub-Saharan Africa (excluding high income),LIC,XM,Low income,IDX,XI,IDA,2019,NA
CHL,CL,Chile,Santiago,-70.6475,-33.475,LCN,ZJ,Latin America & Caribbean ,NA,NA,NA,HIC,XD,High income,IBD,XF,IBRD,2019,NA
CHN,CN,China,Beijing,116.286,40.0495,EAS,Z4,East Asia & Pacific,EAP,4E,East Asia & Pacific (excluding high income),UMC,XT,Upper middle income,IBD,XF,IBRD,2019,NA
COL,CO,Colombia,Bogota,-74.082,4.60987,LCN,ZJ,Latin America & Caribbean ,LAC,XJ,Latin America & Caribbean (excluding high income),UMC,XT,Upper middle income,IBD,XF,IBRD,2019,NA
COM,KM,Comoros,Moroni,43.2418,-11.6986,SSF,ZG,Sub-Saharan Africa ,SSA,ZF,Sub-Saharan Africa (excluding high income),LMC,XN,Lower middle income,IDX,XI,IDA,2019,NA
COD,CD,"Congo, Dem. Rep.",Kinshasa,15.3222,-4.325,SSF,ZG,Sub-Saharan Africa ,SSA,ZF,Sub-Saharan Africa (excluding high income),LIC,XM,Low income,IDX,XI,IDA,2019,NA
COG,CG,"Congo, Rep.",Brazzaville,15.2662,-4.2767,SSF,ZG,Sub-Saharan Africa ,SSA,ZF,Sub-Saharan Africa (excluding high income),LMC,XN,Lower middle income,IDB,XH,Blend,2019,NA
CRI,CR,Costa Rica,San Jose,-84.0089,9.63701,LCN,ZJ,Latin America & Caribbean ,LAC,XJ,Latin America & Caribbean (excluding high income),UMC,XT,Upper middle income,IBD,XF,IBRD,2019,NA
NA,NA,Côte d'Ivoire,NA,NA,NA,NA,NA,NA,NA,NA,NA,NA,NA,NA,NA,NA,NA,2019,NA
HRV,HR,Croatia,Zagreb,15.9614,45.8069,ECS,Z7,Europe & Central Asia,NA,NA,NA,HIC,XD,High income,IBD,XF,IBRD,2019,NA
DJI,DJ,Djibouti,Djibouti,43.1425,11.5806,MEA,ZQ,Middle East & North Africa,MNA,XQ,Middle East & North Africa (excluding high income),LMC,XN,Lower middle income,IDX,XI,IDA,2019,NA
DMA,DM,Dominica,Roseau,-61.39,15.2976,LCN,ZJ,Latin America & Caribbean ,LAC,XJ,Latin America & Caribbean (excluding high income),UMC,XT,Upper middle income,IDB,XH,Blend,2019,NA
DOM,DO,Dominican Republic,Santo Domingo,-69.8908,18.479,LCN,ZJ,Latin America & Caribbean ,LAC,XJ,Latin America & Caribbean (excluding high income),UMC,XT,Upper middle income,IBD,XF,IBRD,2019,NA
ECU,EC,Ecuador,Quito,-78.5243,-0.229498,LCN,ZJ,Latin America & Caribbean ,LAC,XJ,Latin America & Caribbean (excluding high income),UMC,XT,Upper middle income,IBD,XF,IBRD,2019,2010
EGY,EG,"Egypt, Arab Rep.",Cairo,31.2461,30.0982,MEA,ZQ,Middle East & North Africa,MNA,XQ,Middle East & North Africa (excluding high income),LMC,XN,Lower middle income,IBD,XF,IBRD,2019,NA
SLV,SV,El Salvador,San Salvador,-89.2073,13.7034,LCN,ZJ,Latin America & Caribbean ,LAC,XJ,Latin America & Caribbean (excluding high income),LMC,XN,Lower middle income,IBD,XF,IBRD,2019,NA
GNQ,GQ,Equatorial Guinea,Malabo,8.7741,3.7523,SSF,ZG,Sub-Saharan Africa ,SSA,ZF,Sub-Saharan Africa (excluding high income),UMC,XT,Upper middle income,IBD,XF,IBRD,2019,NA
ERI,ER,Eritrea,Asmara,38.9183,15.3315,SSF,ZG,Sub-Saharan Africa ,SSA,ZF,Sub-Saharan Africa (excluding high income),LIC,XM,Low income,IDX,XI,IDA,2019,NA
SWZ,SZ,Eswatini,Mbabane,31.4659,-26.5225,SSF,ZG,Sub-Saharan Africa ,SSA,ZF,Sub-Saharan Africa (excluding high income),LMC,XN,Lower middle income,IBD,XF,IBRD,2019,NA
ETH,ET,Ethiopia,Addis Ababa,38.7468,9.02274,SSF,ZG,Sub-Saharan Africa ,SSA,ZF,Sub-Saharan Africa (excluding high income),LIC,XM,Low income,IDX,XI,IDA,2019,NA
FJI,FJ,Fiji,Suva,178.399,-18.1149,EAS,Z4,East Asia & Pacific,EAP,4E,East Asia & Pacific (excluding high income),UMC,XT,Upper middle income,IDB,XH,Blend,2019,NA
GAB,GA,Gabon,Libreville,9.45162,0.38832,SSF,ZG,Sub-Saharan Africa ,SSA,ZF,Sub-Saharan Africa (excluding high income),UMC,XT,Upper middle income,IBD,XF,IBRD,2019,NA
GMB,GM,"Gambia, The",Banjul,-16.5885,13.4495,SSF,ZG,Sub-Saharan Africa ,SSA,ZF,Sub-Saharan Africa (excluding high income),LIC,XM,Low income,IDX,XI,IDA,2019,NA
GEO,GE,Georgia,Tbilisi,44.793,41.71,ECS,Z7,Europe & Central Asia,ECA,7E,Europe & Central Asia (excluding high income),UMC,XT,Upper middle income,IBD,XF,IBRD,2019,NA
GHA,GH,Ghana,Accra,-0.20795,5.57045,SSF,ZG,Sub-Saharan Africa ,SSA,ZF,Sub-Saharan Africa (excluding high income),LMC,XN,Lower middle income,IDX,XI,IDA,2019,2003
GRD,GD,Grenada,Saint George's,-61.7449,12.0653,LCN,ZJ,Latin America & Caribbean ,LAC,XJ,Latin America & Caribbean (excluding high income),UMC,XT,Upper middle income,IDB,XH,Blend,2019,NA
GTM,GT,Guatemala,Guatemala City,-90.5328,14.6248,LCN,ZJ,Latin America & Caribbean ,LAC,XJ,Latin America & Caribbean (excluding high income),UMC,XT,Upper middle income,IBD,XF,IBRD,2019,NA
GIN,GN,Guinea,Conakry,-13.7,9.51667,SSF,ZG,Sub-Saharan Africa ,SSA,ZF,Sub-Saharan Africa (excluding high income),LIC,XM,Low income,IDX,XI,IDA,2019,NA
GNB,GW,Guinea-Bissau,Bissau,-15.1804,11.8037,SSF,ZG,Sub-Saharan Africa ,SSA,ZF,Sub-Saharan Africa (excluding high income),LIC,XM,Low income,IDX,XI,IDA,2019,NA
GUY,GY,Guyana,Georgetown,-58.1548,6.80461,LCN,ZJ,Latin America & Caribbean ,LAC,XJ,Latin America & Caribbean (excluding high income),UMC,XT,Upper middle income,IDX,XI,IDA,2019,NA
HTI,HT,Haiti,Port-au-Prince,-72.3288,18.5392,LCN,ZJ,Latin America & Caribbean ,LAC,XJ,Latin America & Caribbean (excluding high income),LIC,XM,Low income,IDX,XI,IDA,2019,NA
HND,HN,Honduras,Tegucigalpa,-87.4667,15.1333,LCN,ZJ,Latin America & Caribbean ,LAC,XJ,Latin America & Caribbean (excluding high income),LMC,XN,Lower middle income,IDX,XI,IDA,2019,NA
IND,IN,India,New Delhi,77.225,28.6353,SAS,8S,South Asia,SAS,8S,South Asia,LMC,XN,Lower middle income,IBD,XF,IBRD,2019,"2005, 2014"
IDN,ID,Indonesia,Jakarta,106.83,-6.19752,EAS,Z4,East Asia & Pacific,EAP,4E,East Asia & Pacific (excluding high income),LMC,XN,Lower middle income,IBD,XF,IBRD,2019,NA
IRN,IR,"Iran, Islamic Rep.",Tehran,51.4447,35.6878,MEA,ZQ,Middle East & North Africa,MNA,XQ,Middle East & North Africa (excluding high income),UMC,XT,Upper middle income,IBD,XF,IBRD,2019,NA
IRQ,IQ,Iraq,Baghdad,44.394,33.3302,MEA,ZQ,Middle East & North Africa,MNA,XQ,Middle East & North Africa (excluding high income),UMC,XT,Upper middle income,IBD,XF,IBRD,2019,NA
JAM,JM,Jamaica,Kingston,-76.792,17.9927,LCN,ZJ,Latin America & Caribbean ,LAC,XJ,Latin America & Caribbean (excluding high income),UMC,XT,Upper middle income,IBD,XF,IBRD,2019,NA
JOR,JO,Jordan,Amman,35.9263,31.9497,MEA,ZQ,Middle East & North Africa,MNA,XQ,Middle East & North Africa (excluding high income),UMC,XT,Upper middle income,IBD,XF,IBRD,2019,NA
KAZ,KZ,Kazakhstan,Astana,71.4382,51.1879,ECS,Z7,Europe & Central Asia,ECA,7E,Europe & Central Asia (excluding high income),UMC,XT,Upper middle income,IBD,XF,IBRD,2019,NA
KEN,KE,Kenya,Nairobi,36.8126,-1.27975,SSF,ZG,Sub-Saharan Africa ,SSA,ZF,Sub-Saharan Africa (excluding high income),LMC,XN,Lower middle income,IDB,XH,Blend,2019,2010
KIR,KI,Kiribati,Tarawa,172.979,1.32905,EAS,Z4,East Asia & Pacific,EAP,4E,East Asia & Pacific (excluding high income),LMC,XN,Lower middle income,IDX,XI,IDA,2019,NA
XKX,XK,Kosovo,Pristina,20.926,42.565,ECS,Z7,Europe & Central Asia,ECA,7E,Europe & Central Asia (excluding high income),UMC,XT,Upper middle income,IDX,XI,IDA,2019,NA
KGZ,KG,Kyrgyz Republic,Bishkek,74.6057,42.8851,ECS,Z7,Europe & Central Asia,ECA,7E,Europe & Central Asia (excluding high income),LMC,XN,Lower middle income,IDX,XI,IDA,2019,NA
LAO,LA,Lao PDR,Vientiane,102.177,18.5826,EAS,Z4,East Asia & Pacific,EAP,4E,East Asia & Pacific (excluding high income),LMC,XN,Lower middle income,IDX,XI,IDA,2019,2006
LBN,LB,Lebanon,Beirut,35.5134,33.8872,MEA,ZQ,Middle East & North Africa,MNA,XQ,Middle East & North Africa (excluding high income),UMC,XT,Upper middle income,IBD,XF,IBRD,2019,NA
LSO,LS,Lesotho,Maseru,27.7167,-29.5208,SSF,ZG,Sub-Saharan Africa ,SSA,ZF,Sub-Saharan Africa (excluding high income),LMC,XN,Lower middle income,IDX,XI,IDA,2019,NA
LBR,LR,Liberia,Monrovia,-10.7957,6.30039,SSF,ZG,Sub-Saharan Africa ,SSA,ZF,Sub-Saharan Africa (excluding high income),LIC,XM,Low income,IDX,XI,IDA,2019,2008
LBY,LY,Libya,Tripoli,13.1072,32.8578,MEA,ZQ,Middle East & North Africa,MNA,XQ,Middle East & North Africa (excluding high income),UMC,XT,Upper middle income,IBD,XF,IBRD,2019,NA
NA,NA,"Macedonia, FYR",NA,NA,NA,NA,NA,NA,NA,NA,NA,NA,NA,NA,NA,NA,NA,2019,NA
MDG,MG,Madagascar,Antananarivo,45.7167,-20.4667,SSF,ZG,Sub-Saharan Africa ,SSA,ZF,Sub-Saharan Africa (excluding high income),LIC,XM,Low income,IDX,XI,IDA,2019,NA
MWI,MW,Malawi,Lilongwe,33.7703,-13.9899,SSF,ZG,Sub-Saharan Africa ,SSA,ZF,Sub-Saharan Africa (excluding high income),LIC,XM,Low income,IDX,XI,IDA,2019,NA
MYS,MY,Malaysia,Kuala Lumpur,101.684,3.12433,EAS,Z4,East Asia & Pacific,EAP,4E,East Asia & Pacific (excluding high income),UMC,XT,Upper middle income,IBD,XF,IBRD,2019,2016
MDV,MV,Maldives,Male,73.5109,4.1742,SAS,8S,South Asia,SAS,8S,South Asia,UMC,XT,Upper middle income,IDX,XI,IDA,2019,NA
MLI,ML,Mali,Bamako,-7.50034,13.5667,SSF,ZG,Sub-Saharan Africa ,SSA,ZF,Sub-Saharan Africa (excluding high income),LIC,XM,Low income,IDX,XI,IDA,2019,NA
MHL,MH,Marshall Islands,Majuro,171.135,7.11046,EAS,Z4,East Asia & Pacific,EAP,4E,East Asia & Pacific (excluding high income),UMC,XT,Upper middle income,IDX,XI,IDA,2019,NA
MRT,MR,Mauritania,Nouakchott,-15.9824,18.2367,SSF,ZG,Sub-Saharan Africa ,SSA,ZF,Sub-Saharan Africa (excluding high income),LMC,XN,Lower middle income,IDX,XI,IDA,2019,NA
MUS,MU,Mauritius,Port Louis,57.4977,-20.1605,SSF,ZG,Sub-Saharan Africa ,SSA,ZF,Sub-Saharan Africa (excluding high income),UMC,XT,Upper middle income,IBD,XF,IBRD,2019,"2002, 2007, 2013"
MEX,MX,Mexico,Mexico City,-99.1276,19.427,LCN,ZJ,Latin America & Caribbean ,LAC,XJ,Latin America & Caribbean (excluding high income),UMC,XT,Upper middle income,IBD,XF,IBRD,2019,"1999, 2004, 2009, 2014"
FSM,FM,"Micronesia, Fed. Sts.",Palikir,158.185,6.91771,EAS,Z4,East Asia & Pacific,EAP,4E,East Asia & Pacific (excluding high income),LMC,XN,Lower middle income,IDX,XI,IDA,2019,NA
MDA,MD,Moldova,Chisinau,28.8497,47.0167,ECS,Z7,Europe & Central Asia,ECA,7E,Europe & Central Asia (excluding high income),LMC,XN,Lower middle income,IDB,XH,Blend,2019,NA
MNG,MN,Mongolia,Ulaanbaatar,106.937,47.9129,EAS,Z4,East Asia & Pacific,EAP,4E,East Asia & Pacific (excluding high income),LMC,XN,Lower middle income,IDB,XH,Blend,2019,NA
MNE,ME,Montenegro,Podgorica,19.2595,42.4602,ECS,Z7,Europe & Central Asia,ECA,7E,Europe & Central Asia (excluding high income),UMC,XT,Upper middle income,IBD,XF,IBRD,2019,NA
MAR,MA,Morocco,Rabat,-6.8704,33.9905,MEA,ZQ,Middle East & North Africa,MNA,XQ,Middle East & North Africa (excluding high income),LMC,XN,Lower middle income,IBD,XF,IBRD,2019,2001
MOZ,MZ,Mozambique,Maputo,32.5713,-25.9664,SSF,ZG,Sub-Saharan Africa ,SSA,ZF,Sub-Saharan Africa (excluding high income),LIC,XM,Low income,IDX,XI,IDA,2019,2014
MMR,MM,Myanmar,Naypyidaw,95.9562,21.914,EAS,Z4,East Asia & Pacific,EAP,4E,East Asia & Pacific (excluding high income),LMC,XN,Lower middle income,IDX,XI,IDA,2019,NA
NAM,"NA",Namibia,Windhoek,17.0931,-22.5648,SSF,ZG,Sub-Saharan Africa ,SSA,ZF,Sub-Saharan Africa (excluding high income),UMC,XT,Upper middle income,IBD,XF,IBRD,2019,NA
NRU,NR,Nauru,Yaren District,166.920867,-0.5477,EAS,Z4,East Asia & Pacific,EAP,4E,East Asia & Pacific (excluding high income),UMC,XT,Upper middle income,IBD,XF,IBRD,2019,NA
NPL,NP,Nepal,Kathmandu,85.3157,27.6939,SAS,8S,South Asia,SAS,8S,South Asia,LIC,XM,Low income,IDX,XI,IDA,2019,2006
NIC,NI,Nicaragua,Managua,-86.2734,12.1475,LCN,ZJ,Latin America & Caribbean ,LAC,XJ,Latin America & Caribbean (excluding high income),LMC,XN,Lower middle income,IDX,XI,IDA,2019,NA
NER,NE,Niger,Niamey,2.1073,13.514,SSF,ZG,Sub-Saharan Africa ,SSA,ZF,Sub-Saharan Africa (excluding high income),LIC,XM,Low income,IDX,XI,IDA,2019,NA
NGA,NG,Nigeria,Abuja,7.48906,9.05804,SSF,ZG,Sub-Saharan Africa ,SSA,ZF,Sub-Saharan Africa (excluding high income),LMC,XN,Lower middle income,IDB,XH,Blend,2019,NA
PAK,PK,Pakistan,Islamabad,72.8,30.5167,SAS,8S,South Asia,SAS,8S,South Asia,LMC,XN,Lower middle income,IDB,XH,Blend,2019,NA
PLW,PW,Palau,Koror,134.479,7.34194,EAS,Z4,East Asia & Pacific,NA,NA,NA,HIC,XD,High income,IBD,XF,IBRD,2019,NA
PAN,PA,Panama,Panama City,-79.5188,8.99427,LCN,ZJ,Latin America & Caribbean ,NA,NA,NA,HIC,XD,High income,IBD,XF,IBRD,2019,NA
PNG,PG,Papua New Guinea,Port Moresby,147.194,-9.47357,EAS,Z4,East Asia & Pacific,EAP,4E,East Asia & Pacific (excluding high income),LMC,XN,Lower middle income,IDB,XH,Blend,2019,NA
PRY,PY,Paraguay,Asuncion,-57.6362,-25.3005,LCN,ZJ,Latin America & Caribbean ,LAC,XJ,Latin America & Caribbean (excluding high income),UMC,XT,Upper middle income,IBD,XF,IBRD,2019,2011
PER,PE,Peru,Lima,-77.0465,-12.0931,LCN,ZJ,Latin America & Caribbean ,LAC,XJ,Latin America & Caribbean (excluding high income),UMC,XT,Upper middle income,IBD,XF,IBRD,2019,2008
PHL,PH,Philippines,Manila,121.035,14.5515,EAS,Z4,East Asia & Pacific,EAP,4E,East Asia & Pacific (excluding high income),LMC,XN,Lower middle income,IBD,XF,IBRD,2019,"2006, 2012"
POL,PL,Poland,Warsaw,21.02,52.26,ECS,Z7,Europe & Central Asia,NA,NA,NA,HIC,XD,High income,IBD,XF,IBRD,2019,NA
ROU,RO,Romania,Bucharest,26.0979,44.4479,ECS,Z7,Europe & Central Asia,ECA,7E,Europe & Central Asia (excluding high income),UMC,XT,Upper middle income,IBD,XF,IBRD,2019,NA
RUS,RU,Russian Federation,Moscow,37.6176,55.7558,ECS,Z7,Europe & Central Asia,ECA,7E,Europe & Central Asia (excluding high income),UMC,XT,Upper middle income,IBD,XF,IBRD,2019,NA
RWA,RW,Rwanda,Kigali,30.0587,-1.95325,SSF,ZG,Sub-Saharan Africa ,SSA,ZF,Sub-Saharan Africa (excluding high income),LIC,XM,Low income,IDX,XI,IDA,2019,"2011, 2014, 2017"
WSM,WS,Samoa,Apia,-171.752,-13.8314,EAS,Z4,East Asia & Pacific,EAP,4E,East Asia & Pacific (excluding high income),UMC,XT,Upper middle income,IDX,XI,IDA,2019,NA
NA,NA,São Tomé and Principe,NA,NA,NA,NA,NA,NA,NA,NA,NA,NA,NA,NA,NA,NA,NA,2019,NA
SEN,SN,Senegal,Dakar,-17.4734,14.7247,SSF,ZG,Sub-Saharan Africa ,SSA,ZF,Sub-Saharan Africa (excluding high income),LMC,XN,Lower middle income,IDX,XI,IDA,2019,NA
SRB,RS,Serbia,Belgrade,20.4656,44.8024,ECS,Z7,Europe & Central Asia,ECA,7E,Europe & Central Asia (excluding high income),UMC,XT,Upper middle income,IBD,XF,IBRD,2019,NA
SYC,SC,Seychelles,Victoria,55.4466,-4.6309,SSF,ZG,Sub-Saharan Africa ,NA,NA,NA,HIC,XD,High income,IBD,XF,IBRD,2019,NA
SLE,SL,Sierra Leone,Freetown,-13.2134,8.4821,SSF,ZG,Sub-Saharan Africa ,SSA,ZF,Sub-Saharan Africa (excluding high income),LIC,XM,Low income,IDX,XI,IDA,2019,NA
SLB,SB,Solomon Islands,Honiara,159.949,-9.42676,EAS,Z4,East Asia & Pacific,EAP,4E,East Asia & Pacific (excluding high income),LMC,XN,Lower middle income,IDX,XI,IDA,2019,NA
SOM,SO,Somalia,Mogadishu,45.3254,2.07515,SSF,ZG,Sub-Saharan Africa ,SSA,ZF,Sub-Saharan Africa (excluding high income),LIC,XM,Low income,IDX,XI,IDA,2019,NA
ZAF,ZA,South Africa,Pretoria,28.1871,-25.746,SSF,ZG,Sub-Saharan Africa ,SSA,ZF,Sub-Saharan Africa (excluding high income),UMC,XT,Upper middle income,IBD,XF,IBRD,2019,NA
SSD,SS,South Sudan,Juba,31.6,4.85,SSF,ZG,Sub-Saharan Africa ,SSA,ZF,Sub-Saharan Africa (excluding high income),LIC,XM,Low income,IDX,XI,IDA,2019,NA
LKA,LK,Sri Lanka,Colombo,79.8528,6.92148,SAS,8S,South Asia,SAS,8S,South Asia,UMC,XT,Upper middle income,IBD,XF,IBRD,2019,"2003, 2013"
KNA,KN,St. Kitts and Nevis,Basseterre,-62.7309,17.3,LCN,ZJ,Latin America & Caribbean ,NA,NA,NA,HIC,XD,High income,IBD,XF,IBRD,2019,NA
LCA,LC,St. Lucia,Castries,-60.9832,14,LCN,ZJ,Latin America & Caribbean ,LAC,XJ,Latin America & Caribbean (excluding high income),UMC,XT,Upper middle income,IDB,XH,Blend,2019,NA
VCT,VC,St. Vincent and the Grenadines,Kingstown,-61.2653,13.2035,LCN,ZJ,Latin America & Caribbean ,LAC,XJ,Latin America & Caribbean (excluding high income),UMC,XT,Upper middle income,IDB,XH,Blend,2019,NA
SDN,SD,Sudan,Khartoum,32.5363,15.5932,SSF,ZG,Sub-Saharan Africa ,SSA,ZF,Sub-Saharan Africa (excluding high income),LMC,XN,Lower middle income,IDX,XI,IDA,2019,NA
SUR,SR,Suriname,Paramaribo,-55.1679,5.8232,LCN,ZJ,Latin America & Caribbean ,LAC,XJ,Latin America & Caribbean (excluding high income),UMC,XT,Upper middle income,IBD,XF,IBRD,2019,NA
NA,NA,Swaziland,NA,NA,NA,NA,NA,NA,NA,NA,NA,NA,NA,NA,NA,NA,NA,2019,NA
SYR,SY,Syrian Arab Republic,Damascus,36.3119,33.5146,MEA,ZQ,Middle East & North Africa,MNA,XQ,Middle East & North Africa (excluding high income),LIC,XM,Low income,IDX,XI,IDA,2019,NA
TJK,TJ,Tajikistan,Dushanbe,68.7864,38.5878,ECS,Z7,Europe & Central Asia,ECA,7E,Europe & Central Asia (excluding high income),LIC,XM,Low income,IDX,XI,IDA,2019,NA
TZA,TZ,Tanzania,Dodoma,35.7382,-6.17486,SSF,ZG,Sub-Saharan Africa ,SSA,ZF,Sub-Saharan Africa (excluding high income),LIC,XM,Low income,IDX,XI,IDA,2019,NA
THA,TH,Thailand,Bangkok,100.521,13.7308,EAS,Z4,East Asia & Pacific,EAP,4E,East Asia & Pacific (excluding high income),UMC,XT,Upper middle income,IBD,XF,IBRD,2019,2012
TLS,TL,Timor-Leste,Dili,125.567,-8.56667,EAS,Z4,East Asia & Pacific,EAP,4E,East Asia & Pacific (excluding high income),LMC,XN,Lower middle income,IDB,XH,Blend,2019,NA
TGO,TG,Togo,Lome,1.2255,6.1228,SSF,ZG,Sub-Saharan Africa ,SSA,ZF,Sub-Saharan Africa (excluding high income),LIC,XM,Low income,IDX,XI,IDA,2019,2017
TON,TO,Tonga,Nuku'alofa,-175.216,-21.136,EAS,Z4,East Asia & Pacific,EAP,4E,East Asia & Pacific (excluding high income),UMC,XT,Upper middle income,IDX,XI,IDA,2019,NA
TTO,TT,Trinidad and Tobago,Port-of-Spain,-61.4789,10.6596,LCN,ZJ,Latin America & Caribbean ,NA,NA,NA,HIC,XD,High income,IBD,XF,IBRD,2019,NA
TUN,TN,Tunisia,Tunis,10.21,36.7899,MEA,ZQ,Middle East & North Africa,MNA,XQ,Middle East & North Africa (excluding high income),LMC,XN,Lower middle income,IBD,XF,IBRD,2019,NA
TUR,TR,Turkey,Ankara,32.3606,39.7153,ECS,Z7,Europe & Central Asia,ECA,7E,Europe & Central Asia (excluding high income),UMC,XT,Upper middle income,IBD,XF,IBRD,2019,NA
TKM,TM,Turkmenistan,Ashgabat,58.3794,37.9509,ECS,Z7,Europe & Central Asia,ECA,7E,Europe & Central Asia (excluding high income),UMC,XT,Upper middle income,IBD,XF,IBRD,2019,NA
TUV,TV,Tuvalu,Funafuti,179.089567,-8.6314877,EAS,Z4,East Asia & Pacific,EAP,4E,East Asia & Pacific (excluding high income),UMC,XT,Upper middle income,IDX,XI,IDA,2019,NA
UGA,UG,Uganda,Kampala,32.5729,0.314269,SSF,ZG,Sub-Saharan Africa ,SSA,ZF,Sub-Saharan Africa (excluding high income),LIC,XM,Low income,IDX,XI,IDA,2019,NA
UKR,UA,Ukraine,Kiev,30.5038,50.4536,ECS,Z7,Europe & Central Asia,ECA,7E,Europe & Central Asia (excluding high income),LMC,XN,Lower middle income,IBD,XF,IBRD,2019,NA
URY,UY,Uruguay,Montevideo,-56.0675,-34.8941,LCN,ZJ,Latin America & Caribbean ,NA,NA,NA,HIC,XD,High income,IBD,XF,IBRD,2019,2008
UZB,UZ,Uzbekistan,Tashkent,69.269,41.3052,ECS,Z7,Europe & Central Asia,ECA,7E,Europe & Central Asia (excluding high income),LMC,XN,Lower middle income,IDB,XH,Blend,2019,NA
VUT,VU,Vanuatu,Port-Vila,168.321,-17.7404,EAS,Z4,East Asia & Pacific,EAP,4E,East Asia & Pacific (excluding high income),LMC,XN,Lower middle income,IDX,XI,IDA,2019,NA
VEN,VE,"Venezuela, RB",Caracas,-69.8371,9.08165,LCN,ZJ,Latin America & Caribbean ,LAC,XJ,Latin America & Caribbean (excluding high income),UMC,XT,Upper middle income,IBD,XF,IBRD,2019,NA
VNM,VN,Vietnam,Hanoi,105.825,21.0069,EAS,Z4,East Asia & Pacific,EAP,4E,East Asia & Pacific (excluding high income),LMC,XN,Lower middle income,IBD,XF,IBRD,2019,"2007, 2012, 2017"
PSE,PS,West Bank and Gaza,NA,NA,NA,MEA,ZQ,Middle East & North Africa,MNA,XQ,Middle East & North Africa (excluding high income),LMC,XN,Lower middle income,LNX,XX,Not classified,2019,"2004, 2007, 2012, 2017"
YEM,YE,"Yemen, Rep.",Sana'a,44.2075,15.352,MEA,ZQ,Middle East & North Africa,MNA,XQ,Middle East & North Africa (excluding high income),LIC,XM,Low income,IDX,XI,IDA,2019,NA
ZMB,ZM,Zambia,Lusaka,28.2937,-15.3982,SSF,ZG,Sub-Saharan Africa ,SSA,ZF,Sub-Saharan Africa (excluding high income),LMC,XN,Lower middle income,IDX,XI,IDA,2019,NA
ZWE,ZW,Zimbabwe,Harare,31.0672,-17.8312,SSF,ZG,Sub-Saharan Africa ,SSA,ZF,Sub-Saharan Africa (excluding high income),LMC,XN,Lower middle income,IDB,XH,Blend,2019,2013
