iso3c,country,BIZZ.CENSUS_2016,BIZZ.CENSUS_2017,BIZZ.CENSUS_2018,BIZZ.CENSUS_2019,SPI.D2.3.BIZZ_2016,SPI.D2.3.BIZZ_2017,SPI.D2.3.BIZZ_2018,SPI.D2.3.BIZZ_2019,iso2c,capital,long,lat,regionID,region_iso2c,region,adminID,admin_iso2c,admin,incomeID,income_iso2c,income,lendingID,lending_iso2c,lending
AFG,Afghanistan,NA,NA,NA,NA,0,0,0,0,AF,Kabul,69.1761,34.5228,SAS,8S,South Asia,SAS,8S,South Asia,LIC,XM,Low income,IDX,XI,IDA
ALB,Albania,NA,NA,NA,NA,0,0,0,0,AL,Tirane,19.8172,41.3317,ECS,Z7,Europe & Central Asia,ECA,7E,Europe & Central Asia (excluding high income),UMC,XT,Upper middle income,IBD,XF,IBRD
DZA,Algeria,2010,2010,2010,2010,1,1,1,1,DZ,Algiers,3.05097,36.7397,MEA,ZQ,Middle East & North Africa,MNA,XQ,Middle East & North Africa (excluding high income),UMC,XT,Upper middle income,IBD,XF,IBRD
AGO,Angola,"2002, 2011","2002, 2011","2002, 2011","2002, 2011",1,1,1,1,AO,Luanda,13.242,-8.81155,SSF,ZG,Sub-Saharan Africa ,SSA,ZF,Sub-Saharan Africa (excluding high income),LMC,XN,Lower middle income,IBD,XF,IBRD
ATG,Antigua and Barbuda,NA,NA,NA,NA,0,0,0,0,AG,Saint John's,-61.8456,17.1175,LCN,ZJ,Latin America & Caribbean ,NA,NA,NA,HIC,XD,High income,IBD,XF,IBRD
ARG,Argentina,NA,NA,NA,NA,0,0,0,0,AR,Buenos Aires,-58.4173,-34.6118,LCN,ZJ,Latin America & Caribbean ,LAC,XJ,Latin America & Caribbean (excluding high income),UMC,XT,Upper middle income,IBD,XF,IBRD
ARM,Armenia,NA,NA,NA,NA,0,0,0,0,AM,Yerevan,44.509,40.1596,ECS,Z7,Europe & Central Asia,ECA,7E,Europe & Central Asia (excluding high income),UMC,XT,Upper middle income,IBD,XF,IBRD
AZE,Azerbaijan,NA,NA,NA,NA,0,0,0,0,AZ,Baku,49.8932,40.3834,ECS,Z7,Europe & Central Asia,ECA,7E,Europe & Central Asia (excluding high income),UMC,XT,Upper middle income,IBD,XF,IBRD
BGD,Bangladesh,NA,NA,NA,NA,0,0,0,0,BD,Dhaka,90.4113,23.7055,SAS,8S,South Asia,SAS,8S,South Asia,LMC,XN,Lower middle income,IDX,XI,IDA
BLR,Belarus,NA,NA,NA,NA,0,0,0,0,BY,Minsk,27.5766,53.9678,ECS,Z7,Europe & Central Asia,ECA,7E,Europe & Central Asia (excluding high income),UMC,XT,Upper middle income,IBD,XF,IBRD
BLZ,Belize,NA,NA,NA,NA,0,0,0,0,BZ,Belmopan,-88.7713,17.2534,LCN,ZJ,Latin America & Caribbean ,LAC,XJ,Latin America & Caribbean (excluding high income),UMC,XT,Upper middle income,IBD,XF,IBRD
BEN,Benin,2008,2008,2008,2008,1,1,1,0,BJ,Porto-Novo,2.6323,6.4779,SSF,ZG,Sub-Saharan Africa ,SSA,ZF,Sub-Saharan Africa (excluding high income),LIC,XM,Low income,IDX,XI,IDA
BTN,Bhutan,NA,NA,NA,NA,0,0,0,0,BT,Thimphu,89.6177,27.5768,SAS,8S,South Asia,SAS,8S,South Asia,LMC,XN,Lower middle income,IDX,XI,IDA
BOL,Bolivia,NA,NA,NA,NA,0,0,0,0,BO,La Paz,-66.1936,-13.9908,LCN,ZJ,Latin America & Caribbean ,LAC,XJ,Latin America & Caribbean (excluding high income),LMC,XN,Lower middle income,IBD,XF,IBRD
BIH,Bosnia and Herzegovina,NA,NA,NA,NA,0,0,0,0,BA,Sarajevo,18.4214,43.8607,ECS,Z7,Europe & Central Asia,ECA,7E,Europe & Central Asia (excluding high income),UMC,XT,Upper middle income,IBD,XF,IBRD
BWA,Botswana,NA,NA,NA,NA,0,0,0,0,BW,Gaborone,25.9201,-24.6544,SSF,ZG,Sub-Saharan Africa ,SSA,ZF,Sub-Saharan Africa (excluding high income),UMC,XT,Upper middle income,IBD,XF,IBRD
BRA,Brazil,NA,NA,NA,NA,0,0,0,0,BR,Brasilia,-47.9292,-15.7801,LCN,ZJ,Latin America & Caribbean ,LAC,XJ,Latin America & Caribbean (excluding high income),UMC,XT,Upper middle income,IBD,XF,IBRD
BGR,Bulgaria,NA,NA,NA,NA,0,0,0,0,BG,Sofia,23.3238,42.7105,ECS,Z7,Europe & Central Asia,ECA,7E,Europe & Central Asia (excluding high income),UMC,XT,Upper middle income,IBD,XF,IBRD
BFA,Burkina Faso,NA,NA,NA,NA,0,0,0,0,BF,Ouagadougou,-1.53395,12.3605,SSF,ZG,Sub-Saharan Africa ,SSA,ZF,Sub-Saharan Africa (excluding high income),LIC,XM,Low income,IDX,XI,IDA
BDI,Burundi,NA,NA,NA,NA,0,0,0,0,BI,Bujumbura,29.3639,-3.3784,SSF,ZG,Sub-Saharan Africa ,SSA,ZF,Sub-Saharan Africa (excluding high income),LIC,XM,Low income,IDX,XI,IDA
CPV,Cabo Verde,NA,NA,NA,NA,0,0,0,0,CV,Praia,-23.5087,14.9218,SSF,ZG,Sub-Saharan Africa ,SSA,ZF,Sub-Saharan Africa (excluding high income),LMC,XN,Lower middle income,IDB,XH,Blend
KHM,Cambodia,2011,2011,2011,2011,1,1,1,1,KH,Phnom Penh,104.874,11.5556,EAS,Z4,East Asia & Pacific,EAP,4E,East Asia & Pacific (excluding high income),LMC,XN,Lower middle income,IDX,XI,IDA
CMR,Cameroon,NA,NA,NA,NA,0,0,0,0,CM,Yaounde,11.5174,3.8721,SSF,ZG,Sub-Saharan Africa ,SSA,ZF,Sub-Saharan Africa (excluding high income),LMC,XN,Lower middle income,IDB,XH,Blend
CAF,Central African Republic,NA,NA,NA,NA,0,0,0,0,CF,Bangui,21.6407,5.63056,SSF,ZG,Sub-Saharan Africa ,SSA,ZF,Sub-Saharan Africa (excluding high income),LIC,XM,Low income,IDX,XI,IDA
TCD,Chad,NA,NA,NA,NA,0,0,0,0,TD,N'Djamena,15.0445,12.1048,SSF,ZG,Sub-Saharan Africa ,SSA,ZF,Sub-Saharan Africa (excluding high income),LIC,XM,Low income,IDX,XI,IDA
CHL,Chile,NA,NA,NA,NA,0,0,0,0,CL,Santiago,-70.6475,-33.475,LCN,ZJ,Latin America & Caribbean ,NA,NA,NA,HIC,XD,High income,IBD,XF,IBRD
CHN,China,NA,NA,NA,NA,0,0,0,0,CN,Beijing,116.286,40.0495,EAS,Z4,East Asia & Pacific,EAP,4E,East Asia & Pacific (excluding high income),UMC,XT,Upper middle income,IBD,XF,IBRD
COL,Colombia,NA,NA,NA,NA,0,0,0,0,CO,Bogota,-74.082,4.60987,LCN,ZJ,Latin America & Caribbean ,LAC,XJ,Latin America & Caribbean (excluding high income),UMC,XT,Upper middle income,IBD,XF,IBRD
COM,Comoros,NA,NA,NA,NA,0,0,0,0,KM,Moroni,43.2418,-11.6986,SSF,ZG,Sub-Saharan Africa ,SSA,ZF,Sub-Saharan Africa (excluding high income),LMC,XN,Lower middle income,IDX,XI,IDA
COD,"Congo, Dem. Rep.",NA,NA,NA,NA,0,0,0,0,CD,Kinshasa,15.3222,-4.325,SSF,ZG,Sub-Saharan Africa ,SSA,ZF,Sub-Saharan Africa (excluding high income),LIC,XM,Low income,IDX,XI,IDA
COG,"Congo, Rep.",NA,NA,NA,NA,0,0,0,0,CG,Brazzaville,15.2662,-4.2767,SSF,ZG,Sub-Saharan Africa ,SSA,ZF,Sub-Saharan Africa (excluding high income),LMC,XN,Lower middle income,IDB,XH,Blend
CRI,Costa Rica,NA,NA,NA,NA,0,0,0,0,CR,San Jose,-84.0089,9.63701,LCN,ZJ,Latin America & Caribbean ,LAC,XJ,Latin America & Caribbean (excluding high income),UMC,XT,Upper middle income,IBD,XF,IBRD
CIV,Cote d'Ivoire,NA,NA,NA,NA,0,0,0,0,CI,Yamoussoukro,-4.0305,5.332,SSF,ZG,Sub-Saharan Africa ,SSA,ZF,Sub-Saharan Africa (excluding high income),LMC,XN,Lower middle income,IDX,XI,IDA
HRV,Croatia,NA,NA,NA,NA,0,0,0,0,HR,Zagreb,15.9614,45.8069,ECS,Z7,Europe & Central Asia,NA,NA,NA,HIC,XD,High income,IBD,XF,IBRD
DJI,Djibouti,NA,NA,NA,NA,0,0,0,0,DJ,Djibouti,43.1425,11.5806,MEA,ZQ,Middle East & North Africa,MNA,XQ,Middle East & North Africa (excluding high income),LMC,XN,Lower middle income,IDX,XI,IDA
DMA,Dominica,NA,NA,NA,NA,0,0,0,0,DM,Roseau,-61.39,15.2976,LCN,ZJ,Latin America & Caribbean ,LAC,XJ,Latin America & Caribbean (excluding high income),UMC,XT,Upper middle income,IDB,XH,Blend
DOM,Dominican Republic,NA,NA,NA,NA,0,0,0,0,DO,Santo Domingo,-69.8908,18.479,LCN,ZJ,Latin America & Caribbean ,LAC,XJ,Latin America & Caribbean (excluding high income),UMC,XT,Upper middle income,IBD,XF,IBRD
ECU,Ecuador,2010,2010,2010,2010,1,1,1,1,EC,Quito,-78.5243,-0.229498,LCN,ZJ,Latin America & Caribbean ,LAC,XJ,Latin America & Caribbean (excluding high income),UMC,XT,Upper middle income,IBD,XF,IBRD
EGY,"Egypt, Arab Rep.",NA,NA,NA,NA,0,0,0,0,EG,Cairo,31.2461,30.0982,MEA,ZQ,Middle East & North Africa,MNA,XQ,Middle East & North Africa (excluding high income),LMC,XN,Lower middle income,IBD,XF,IBRD
SLV,El Salvador,NA,NA,NA,NA,0,0,0,0,SV,San Salvador,-89.2073,13.7034,LCN,ZJ,Latin America & Caribbean ,LAC,XJ,Latin America & Caribbean (excluding high income),LMC,XN,Lower middle income,IBD,XF,IBRD
GNQ,Equatorial Guinea,NA,NA,NA,NA,0,0,0,0,GQ,Malabo,8.7741,3.7523,SSF,ZG,Sub-Saharan Africa ,SSA,ZF,Sub-Saharan Africa (excluding high income),UMC,XT,Upper middle income,IBD,XF,IBRD
ERI,Eritrea,NA,NA,NA,NA,0,0,0,0,ER,Asmara,38.9183,15.3315,SSF,ZG,Sub-Saharan Africa ,SSA,ZF,Sub-Saharan Africa (excluding high income),LIC,XM,Low income,IDX,XI,IDA
SWZ,Eswatini,NA,NA,NA,NA,0,0,0,0,SZ,Mbabane,31.4659,-26.5225,SSF,ZG,Sub-Saharan Africa ,SSA,ZF,Sub-Saharan Africa (excluding high income),LMC,XN,Lower middle income,IBD,XF,IBRD
ETH,Ethiopia,NA,NA,NA,NA,0,0,0,0,ET,Addis Ababa,38.7468,9.02274,SSF,ZG,Sub-Saharan Africa ,SSA,ZF,Sub-Saharan Africa (excluding high income),LIC,XM,Low income,IDX,XI,IDA
FJI,Fiji,NA,NA,NA,NA,0,0,0,0,FJ,Suva,178.399,-18.1149,EAS,Z4,East Asia & Pacific,EAP,4E,East Asia & Pacific (excluding high income),UMC,XT,Upper middle income,IDB,XH,Blend
GAB,Gabon,NA,NA,NA,NA,0,0,0,0,GA,Libreville,9.45162,0.38832,SSF,ZG,Sub-Saharan Africa ,SSA,ZF,Sub-Saharan Africa (excluding high income),UMC,XT,Upper middle income,IBD,XF,IBRD
GMB,"Gambia, The",NA,NA,NA,NA,0,0,0,0,GM,Banjul,-16.5885,13.4495,SSF,ZG,Sub-Saharan Africa ,SSA,ZF,Sub-Saharan Africa (excluding high income),LIC,XM,Low income,IDX,XI,IDA
GEO,Georgia,NA,NA,NA,NA,0,0,0,0,GE,Tbilisi,44.793,41.71,ECS,Z7,Europe & Central Asia,ECA,7E,Europe & Central Asia (excluding high income),UMC,XT,Upper middle income,IBD,XF,IBRD
GHA,Ghana,2003,2003,2003,2003,0,0,0,0,GH,Accra,-0.20795,5.57045,SSF,ZG,Sub-Saharan Africa ,SSA,ZF,Sub-Saharan Africa (excluding high income),LMC,XN,Lower middle income,IDX,XI,IDA
GRD,Grenada,NA,NA,NA,NA,0,0,0,0,GD,Saint George's,-61.7449,12.0653,LCN,ZJ,Latin America & Caribbean ,LAC,XJ,Latin America & Caribbean (excluding high income),UMC,XT,Upper middle income,IDB,XH,Blend
GTM,Guatemala,NA,NA,NA,NA,0,0,0,0,GT,Guatemala City,-90.5328,14.6248,LCN,ZJ,Latin America & Caribbean ,LAC,XJ,Latin America & Caribbean (excluding high income),UMC,XT,Upper middle income,IBD,XF,IBRD
GIN,Guinea,NA,NA,NA,NA,0,0,0,0,GN,Conakry,-13.7,9.51667,SSF,ZG,Sub-Saharan Africa ,SSA,ZF,Sub-Saharan Africa (excluding high income),LIC,XM,Low income,IDX,XI,IDA
GNB,Guinea-Bissau,NA,NA,NA,NA,0,0,0,0,GW,Bissau,-15.1804,11.8037,SSF,ZG,Sub-Saharan Africa ,SSA,ZF,Sub-Saharan Africa (excluding high income),LIC,XM,Low income,IDX,XI,IDA
GUY,Guyana,NA,NA,NA,NA,0,0,0,0,GY,Georgetown,-58.1548,6.80461,LCN,ZJ,Latin America & Caribbean ,LAC,XJ,Latin America & Caribbean (excluding high income),UMC,XT,Upper middle income,IDX,XI,IDA
HTI,Haiti,NA,NA,NA,NA,0,0,0,0,HT,Port-au-Prince,-72.3288,18.5392,LCN,ZJ,Latin America & Caribbean ,LAC,XJ,Latin America & Caribbean (excluding high income),LIC,XM,Low income,IDX,XI,IDA
HND,Honduras,NA,NA,NA,NA,0,0,0,0,HN,Tegucigalpa,-87.4667,15.1333,LCN,ZJ,Latin America & Caribbean ,LAC,XJ,Latin America & Caribbean (excluding high income),LMC,XN,Lower middle income,IDX,XI,IDA
IND,India,"2005, 2014","2005, 2014","2005, 2014","2005, 2014",1,1,1,1,IN,New Delhi,77.225,28.6353,SAS,8S,South Asia,SAS,8S,South Asia,LMC,XN,Lower middle income,IBD,XF,IBRD
IDN,Indonesia,NA,NA,NA,NA,0,0,0,0,ID,Jakarta,106.83,-6.19752,EAS,Z4,East Asia & Pacific,EAP,4E,East Asia & Pacific (excluding high income),LMC,XN,Lower middle income,IBD,XF,IBRD
IRN,"Iran, Islamic Rep.",NA,NA,NA,NA,0,0,0,0,IR,Tehran,51.4447,35.6878,MEA,ZQ,Middle East & North Africa,MNA,XQ,Middle East & North Africa (excluding high income),UMC,XT,Upper middle income,IBD,XF,IBRD
IRQ,Iraq,NA,NA,NA,NA,0,0,0,0,IQ,Baghdad,44.394,33.3302,MEA,ZQ,Middle East & North Africa,MNA,XQ,Middle East & North Africa (excluding high income),UMC,XT,Upper middle income,IBD,XF,IBRD
JAM,Jamaica,NA,NA,NA,NA,0,0,0,0,JM,Kingston,-76.792,17.9927,LCN,ZJ,Latin America & Caribbean ,LAC,XJ,Latin America & Caribbean (excluding high income),UMC,XT,Upper middle income,IBD,XF,IBRD
JOR,Jordan,NA,NA,NA,NA,0,0,0,0,JO,Amman,35.9263,31.9497,MEA,ZQ,Middle East & North Africa,MNA,XQ,Middle East & North Africa (excluding high income),UMC,XT,Upper middle income,IBD,XF,IBRD
KAZ,Kazakhstan,NA,NA,NA,NA,0,0,0,0,KZ,Astana,71.4382,51.1879,ECS,Z7,Europe & Central Asia,ECA,7E,Europe & Central Asia (excluding high income),UMC,XT,Upper middle income,IBD,XF,IBRD
KEN,Kenya,2010,2010,2010,2010,1,1,1,1,KE,Nairobi,36.8126,-1.27975,SSF,ZG,Sub-Saharan Africa ,SSA,ZF,Sub-Saharan Africa (excluding high income),LMC,XN,Lower middle income,IDB,XH,Blend
KIR,Kiribati,NA,NA,NA,NA,0,0,0,0,KI,Tarawa,172.979,1.32905,EAS,Z4,East Asia & Pacific,EAP,4E,East Asia & Pacific (excluding high income),LMC,XN,Lower middle income,IDX,XI,IDA
XKX,Kosovo,NA,NA,NA,NA,0,0,0,0,XK,Pristina,20.926,42.565,ECS,Z7,Europe & Central Asia,ECA,7E,Europe & Central Asia (excluding high income),UMC,XT,Upper middle income,IDX,XI,IDA
KGZ,Kyrgyz Republic,NA,NA,NA,NA,0,0,0,0,KG,Bishkek,74.6057,42.8851,ECS,Z7,Europe & Central Asia,ECA,7E,Europe & Central Asia (excluding high income),LMC,XN,Lower middle income,IDX,XI,IDA
LAO,Lao PDR,2006,2006,2006,2006,1,0,0,0,LA,Vientiane,102.177,18.5826,EAS,Z4,East Asia & Pacific,EAP,4E,East Asia & Pacific (excluding high income),LMC,XN,Lower middle income,IDX,XI,IDA
LBN,Lebanon,NA,NA,NA,NA,0,0,0,0,LB,Beirut,35.5134,33.8872,MEA,ZQ,Middle East & North Africa,MNA,XQ,Middle East & North Africa (excluding high income),UMC,XT,Upper middle income,IBD,XF,IBRD
LSO,Lesotho,NA,NA,NA,NA,0,0,0,0,LS,Maseru,27.7167,-29.5208,SSF,ZG,Sub-Saharan Africa ,SSA,ZF,Sub-Saharan Africa (excluding high income),LMC,XN,Lower middle income,IDX,XI,IDA
LBR,Liberia,2008,2008,2008,2008,1,1,1,0,LR,Monrovia,-10.7957,6.30039,SSF,ZG,Sub-Saharan Africa ,SSA,ZF,Sub-Saharan Africa (excluding high income),LIC,XM,Low income,IDX,XI,IDA
LBY,Libya,NA,NA,NA,NA,0,0,0,0,LY,Tripoli,13.1072,32.8578,MEA,ZQ,Middle East & North Africa,MNA,XQ,Middle East & North Africa (excluding high income),UMC,XT,Upper middle income,IBD,XF,IBRD
MDG,Madagascar,NA,NA,NA,NA,0,0,0,0,MG,Antananarivo,45.7167,-20.4667,SSF,ZG,Sub-Saharan Africa ,SSA,ZF,Sub-Saharan Africa (excluding high income),LIC,XM,Low income,IDX,XI,IDA
MWI,Malawi,NA,NA,NA,NA,0,0,0,0,MW,Lilongwe,33.7703,-13.9899,SSF,ZG,Sub-Saharan Africa ,SSA,ZF,Sub-Saharan Africa (excluding high income),LIC,XM,Low income,IDX,XI,IDA
MYS,Malaysia,2016,2016,2016,2016,0,1,1,1,MY,Kuala Lumpur,101.684,3.12433,EAS,Z4,East Asia & Pacific,EAP,4E,East Asia & Pacific (excluding high income),UMC,XT,Upper middle income,IBD,XF,IBRD
MDV,Maldives,NA,NA,NA,NA,0,0,0,0,MV,Male,73.5109,4.1742,SAS,8S,South Asia,SAS,8S,South Asia,UMC,XT,Upper middle income,IDX,XI,IDA
MLI,Mali,NA,NA,NA,NA,0,0,0,0,ML,Bamako,-7.50034,13.5667,SSF,ZG,Sub-Saharan Africa ,SSA,ZF,Sub-Saharan Africa (excluding high income),LIC,XM,Low income,IDX,XI,IDA
MHL,Marshall Islands,NA,NA,NA,NA,0,0,0,0,MH,Majuro,171.135,7.11046,EAS,Z4,East Asia & Pacific,EAP,4E,East Asia & Pacific (excluding high income),UMC,XT,Upper middle income,IDX,XI,IDA
MRT,Mauritania,NA,NA,NA,NA,0,0,0,0,MR,Nouakchott,-15.9824,18.2367,SSF,ZG,Sub-Saharan Africa ,SSA,ZF,Sub-Saharan Africa (excluding high income),LMC,XN,Lower middle income,IDX,XI,IDA
MUS,Mauritius,"2002, 2007, 2013","2002, 2007, 2013","2002, 2007, 2013","2002, 2007, 2013",1,1,1,1,MU,Port Louis,57.4977,-20.1605,SSF,ZG,Sub-Saharan Africa ,SSA,ZF,Sub-Saharan Africa (excluding high income),UMC,XT,Upper middle income,IBD,XF,IBRD
MEX,Mexico,"1999, 2004, 2009, 2014","1999, 2004, 2009, 2014","1999, 2004, 2009, 2014","1999, 2004, 2009, 2014",1,1,1,1,MX,Mexico City,-99.1276,19.427,LCN,ZJ,Latin America & Caribbean ,LAC,XJ,Latin America & Caribbean (excluding high income),UMC,XT,Upper middle income,IBD,XF,IBRD
FSM,"Micronesia, Fed. Sts.",NA,NA,NA,NA,0,0,0,0,FM,Palikir,158.185,6.91771,EAS,Z4,East Asia & Pacific,EAP,4E,East Asia & Pacific (excluding high income),LMC,XN,Lower middle income,IDX,XI,IDA
MDA,Moldova,NA,NA,NA,NA,0,0,0,0,MD,Chisinau,28.8497,47.0167,ECS,Z7,Europe & Central Asia,ECA,7E,Europe & Central Asia (excluding high income),LMC,XN,Lower middle income,IDB,XH,Blend
MNG,Mongolia,NA,NA,NA,NA,0,0,0,0,MN,Ulaanbaatar,106.937,47.9129,EAS,Z4,East Asia & Pacific,EAP,4E,East Asia & Pacific (excluding high income),LMC,XN,Lower middle income,IDB,XH,Blend
MNE,Montenegro,NA,NA,NA,NA,0,0,0,0,ME,Podgorica,19.2595,42.4602,ECS,Z7,Europe & Central Asia,ECA,7E,Europe & Central Asia (excluding high income),UMC,XT,Upper middle income,IBD,XF,IBRD
MAR,Morocco,2001,2001,2001,2001,0,0,0,0,MA,Rabat,-6.8704,33.9905,MEA,ZQ,Middle East & North Africa,MNA,XQ,Middle East & North Africa (excluding high income),LMC,XN,Lower middle income,IBD,XF,IBRD
MOZ,Mozambique,2014,2014,2014,2014,1,1,1,1,MZ,Maputo,32.5713,-25.9664,SSF,ZG,Sub-Saharan Africa ,SSA,ZF,Sub-Saharan Africa (excluding high income),LIC,XM,Low income,IDX,XI,IDA
MMR,Myanmar,NA,NA,NA,NA,0,0,0,0,MM,Naypyidaw,95.9562,21.914,EAS,Z4,East Asia & Pacific,EAP,4E,East Asia & Pacific (excluding high income),LMC,XN,Lower middle income,IDX,XI,IDA
NAM,Namibia,NA,NA,NA,NA,0,0,0,0,"NA",Windhoek,17.0931,-22.5648,SSF,ZG,Sub-Saharan Africa ,SSA,ZF,Sub-Saharan Africa (excluding high income),UMC,XT,Upper middle income,IBD,XF,IBRD
NRU,Nauru,NA,NA,NA,NA,0,0,0,0,NR,Yaren District,166.920867,-0.5477,EAS,Z4,East Asia & Pacific,EAP,4E,East Asia & Pacific (excluding high income),UMC,XT,Upper middle income,IBD,XF,IBRD
NPL,Nepal,2006,2006,2006,2006,1,0,0,0,NP,Kathmandu,85.3157,27.6939,SAS,8S,South Asia,SAS,8S,South Asia,LIC,XM,Low income,IDX,XI,IDA
NIC,Nicaragua,NA,NA,NA,NA,0,0,0,0,NI,Managua,-86.2734,12.1475,LCN,ZJ,Latin America & Caribbean ,LAC,XJ,Latin America & Caribbean (excluding high income),LMC,XN,Lower middle income,IDX,XI,IDA
NER,Niger,NA,NA,NA,NA,0,0,0,0,NE,Niamey,2.1073,13.514,SSF,ZG,Sub-Saharan Africa ,SSA,ZF,Sub-Saharan Africa (excluding high income),LIC,XM,Low income,IDX,XI,IDA
NGA,Nigeria,NA,NA,NA,NA,0,0,0,0,NG,Abuja,7.48906,9.05804,SSF,ZG,Sub-Saharan Africa ,SSA,ZF,Sub-Saharan Africa (excluding high income),LMC,XN,Lower middle income,IDB,XH,Blend
MKD,North Macedonia,NA,NA,NA,NA,0,0,0,0,MK,Skopje,21.4361,42.0024,ECS,Z7,Europe & Central Asia,ECA,7E,Europe & Central Asia (excluding high income),UMC,XT,Upper middle income,IBD,XF,IBRD
PAK,Pakistan,NA,NA,NA,NA,0,0,0,0,PK,Islamabad,72.8,30.5167,SAS,8S,South Asia,SAS,8S,South Asia,LMC,XN,Lower middle income,IDB,XH,Blend
PLW,Palau,NA,NA,NA,NA,0,0,0,0,PW,Koror,134.479,7.34194,EAS,Z4,East Asia & Pacific,NA,NA,NA,HIC,XD,High income,IBD,XF,IBRD
PAN,Panama,NA,NA,NA,NA,0,0,0,0,PA,Panama City,-79.5188,8.99427,LCN,ZJ,Latin America & Caribbean ,NA,NA,NA,HIC,XD,High income,IBD,XF,IBRD
PNG,Papua New Guinea,NA,NA,NA,NA,0,0,0,0,PG,Port Moresby,147.194,-9.47357,EAS,Z4,East Asia & Pacific,EAP,4E,East Asia & Pacific (excluding high income),LMC,XN,Lower middle income,IDB,XH,Blend
PRY,Paraguay,2011,2011,2011,2011,1,1,1,1,PY,Asuncion,-57.6362,-25.3005,LCN,ZJ,Latin America & Caribbean ,LAC,XJ,Latin America & Caribbean (excluding high income),UMC,XT,Upper middle income,IBD,XF,IBRD
PER,Peru,2008,2008,2008,2008,1,1,1,0,PE,Lima,-77.0465,-12.0931,LCN,ZJ,Latin America & Caribbean ,LAC,XJ,Latin America & Caribbean (excluding high income),UMC,XT,Upper middle income,IBD,XF,IBRD
PHL,Philippines,"2006, 2012","2006, 2012","2006, 2012","2006, 2012",1,1,1,1,PH,Manila,121.035,14.5515,EAS,Z4,East Asia & Pacific,EAP,4E,East Asia & Pacific (excluding high income),LMC,XN,Lower middle income,IBD,XF,IBRD
POL,Poland,NA,NA,NA,NA,0,0,0,0,PL,Warsaw,21.02,52.26,ECS,Z7,Europe & Central Asia,NA,NA,NA,HIC,XD,High income,IBD,XF,IBRD
ROU,Romania,NA,NA,NA,NA,0,0,0,0,RO,Bucharest,26.0979,44.4479,ECS,Z7,Europe & Central Asia,ECA,7E,Europe & Central Asia (excluding high income),UMC,XT,Upper middle income,IBD,XF,IBRD
RUS,Russian Federation,NA,NA,NA,NA,0,0,0,0,RU,Moscow,37.6176,55.7558,ECS,Z7,Europe & Central Asia,ECA,7E,Europe & Central Asia (excluding high income),UMC,XT,Upper middle income,IBD,XF,IBRD
RWA,Rwanda,"2011, 2014, 2017","2011, 2014, 2017","2011, 2014, 2017","2011, 2014, 2017",1,1,1,1,RW,Kigali,30.0587,-1.95325,SSF,ZG,Sub-Saharan Africa ,SSA,ZF,Sub-Saharan Africa (excluding high income),LIC,XM,Low income,IDX,XI,IDA
WSM,Samoa,NA,NA,NA,NA,0,0,0,0,WS,Apia,-171.752,-13.8314,EAS,Z4,East Asia & Pacific,EAP,4E,East Asia & Pacific (excluding high income),UMC,XT,Upper middle income,IDX,XI,IDA
STP,Sao Tome and Principe,NA,NA,NA,NA,0,0,0,0,ST,Sao Tome,6.6071,0.20618,SSF,ZG,Sub-Saharan Africa ,SSA,ZF,Sub-Saharan Africa (excluding high income),LMC,XN,Lower middle income,IDX,XI,IDA
SEN,Senegal,NA,NA,NA,NA,0,0,0,0,SN,Dakar,-17.4734,14.7247,SSF,ZG,Sub-Saharan Africa ,SSA,ZF,Sub-Saharan Africa (excluding high income),LMC,XN,Lower middle income,IDX,XI,IDA
SRB,Serbia,NA,NA,NA,NA,0,0,0,0,RS,Belgrade,20.4656,44.8024,ECS,Z7,Europe & Central Asia,ECA,7E,Europe & Central Asia (excluding high income),UMC,XT,Upper middle income,IBD,XF,IBRD
SYC,Seychelles,NA,NA,NA,NA,0,0,0,0,SC,Victoria,55.4466,-4.6309,SSF,ZG,Sub-Saharan Africa ,NA,NA,NA,HIC,XD,High income,IBD,XF,IBRD
SLE,Sierra Leone,NA,NA,NA,NA,0,0,0,0,SL,Freetown,-13.2134,8.4821,SSF,ZG,Sub-Saharan Africa ,SSA,ZF,Sub-Saharan Africa (excluding high income),LIC,XM,Low income,IDX,XI,IDA
SLB,Solomon Islands,NA,NA,NA,NA,0,0,0,0,SB,Honiara,159.949,-9.42676,EAS,Z4,East Asia & Pacific,EAP,4E,East Asia & Pacific (excluding high income),LMC,XN,Lower middle income,IDX,XI,IDA
SOM,Somalia,NA,NA,NA,NA,0,0,0,0,SO,Mogadishu,45.3254,2.07515,SSF,ZG,Sub-Saharan Africa ,SSA,ZF,Sub-Saharan Africa (excluding high income),LIC,XM,Low income,IDX,XI,IDA
ZAF,South Africa,NA,NA,NA,NA,0,0,0,0,ZA,Pretoria,28.1871,-25.746,SSF,ZG,Sub-Saharan Africa ,SSA,ZF,Sub-Saharan Africa (excluding high income),UMC,XT,Upper middle income,IBD,XF,IBRD
SSD,South Sudan,NA,NA,NA,NA,0,0,0,0,SS,Juba,31.6,4.85,SSF,ZG,Sub-Saharan Africa ,SSA,ZF,Sub-Saharan Africa (excluding high income),LIC,XM,Low income,IDX,XI,IDA
LKA,Sri Lanka,"2003, 2013","2003, 2013","2003, 2013","2003, 2013",1,1,1,1,LK,Colombo,79.8528,6.92148,SAS,8S,South Asia,SAS,8S,South Asia,UMC,XT,Upper middle income,IBD,XF,IBRD
KNA,St. Kitts and Nevis,NA,NA,NA,NA,0,0,0,0,KN,Basseterre,-62.7309,17.3,LCN,ZJ,Latin America & Caribbean ,NA,NA,NA,HIC,XD,High income,IBD,XF,IBRD
LCA,St. Lucia,NA,NA,NA,NA,0,0,0,0,LC,Castries,-60.9832,14,LCN,ZJ,Latin America & Caribbean ,LAC,XJ,Latin America & Caribbean (excluding high income),UMC,XT,Upper middle income,IDB,XH,Blend
VCT,St. Vincent and the Grenadines,NA,NA,NA,NA,0,0,0,0,VC,Kingstown,-61.2653,13.2035,LCN,ZJ,Latin America & Caribbean ,LAC,XJ,Latin America & Caribbean (excluding high income),UMC,XT,Upper middle income,IDB,XH,Blend
SDN,Sudan,NA,NA,NA,NA,0,0,0,0,SD,Khartoum,32.5363,15.5932,SSF,ZG,Sub-Saharan Africa ,SSA,ZF,Sub-Saharan Africa (excluding high income),LMC,XN,Lower middle income,IDX,XI,IDA
SUR,Suriname,NA,NA,NA,NA,0,0,0,0,SR,Paramaribo,-55.1679,5.8232,LCN,ZJ,Latin America & Caribbean ,LAC,XJ,Latin America & Caribbean (excluding high income),UMC,XT,Upper middle income,IBD,XF,IBRD
SYR,Syrian Arab Republic,NA,NA,NA,NA,0,0,0,0,SY,Damascus,36.3119,33.5146,MEA,ZQ,Middle East & North Africa,MNA,XQ,Middle East & North Africa (excluding high income),LIC,XM,Low income,IDX,XI,IDA
TJK,Tajikistan,NA,NA,NA,NA,0,0,0,0,TJ,Dushanbe,68.7864,38.5878,ECS,Z7,Europe & Central Asia,ECA,7E,Europe & Central Asia (excluding high income),LIC,XM,Low income,IDX,XI,IDA
TZA,Tanzania,NA,NA,NA,NA,0,0,0,0,TZ,Dodoma,35.7382,-6.17486,SSF,ZG,Sub-Saharan Africa ,SSA,ZF,Sub-Saharan Africa (excluding high income),LIC,XM,Low income,IDX,XI,IDA
THA,Thailand,2012,2012,2012,2012,1,1,1,1,TH,Bangkok,100.521,13.7308,EAS,Z4,East Asia & Pacific,EAP,4E,East Asia & Pacific (excluding high income),UMC,XT,Upper middle income,IBD,XF,IBRD
TLS,Timor-Leste,NA,NA,NA,NA,0,0,0,0,TL,Dili,125.567,-8.56667,EAS,Z4,East Asia & Pacific,EAP,4E,East Asia & Pacific (excluding high income),LMC,XN,Lower middle income,IDB,XH,Blend
TGO,Togo,2017,2017,2017,2017,0,0,1,1,TG,Lome,1.2255,6.1228,SSF,ZG,Sub-Saharan Africa ,SSA,ZF,Sub-Saharan Africa (excluding high income),LIC,XM,Low income,IDX,XI,IDA
TON,Tonga,NA,NA,NA,NA,0,0,0,0,TO,Nuku'alofa,-175.216,-21.136,EAS,Z4,East Asia & Pacific,EAP,4E,East Asia & Pacific (excluding high income),UMC,XT,Upper middle income,IDX,XI,IDA
TTO,Trinidad and Tobago,NA,NA,NA,NA,0,0,0,0,TT,Port-of-Spain,-61.4789,10.6596,LCN,ZJ,Latin America & Caribbean ,NA,NA,NA,HIC,XD,High income,IBD,XF,IBRD
TUN,Tunisia,NA,NA,NA,NA,0,0,0,0,TN,Tunis,10.21,36.7899,MEA,ZQ,Middle East & North Africa,MNA,XQ,Middle East & North Africa (excluding high income),LMC,XN,Lower middle income,IBD,XF,IBRD
TUR,Turkey,NA,NA,NA,NA,0,0,0,0,TR,Ankara,32.3606,39.7153,ECS,Z7,Europe & Central Asia,ECA,7E,Europe & Central Asia (excluding high income),UMC,XT,Upper middle income,IBD,XF,IBRD
TKM,Turkmenistan,NA,NA,NA,NA,0,0,0,0,TM,Ashgabat,58.3794,37.9509,ECS,Z7,Europe & Central Asia,ECA,7E,Europe & Central Asia (excluding high income),UMC,XT,Upper middle income,IBD,XF,IBRD
TUV,Tuvalu,NA,NA,NA,NA,0,0,0,0,TV,Funafuti,179.089567,-8.6314877,EAS,Z4,East Asia & Pacific,EAP,4E,East Asia & Pacific (excluding high income),UMC,XT,Upper middle income,IDX,XI,IDA
UGA,Uganda,NA,NA,NA,NA,0,0,0,0,UG,Kampala,32.5729,0.314269,SSF,ZG,Sub-Saharan Africa ,SSA,ZF,Sub-Saharan Africa (excluding high income),LIC,XM,Low income,IDX,XI,IDA
UKR,Ukraine,NA,NA,NA,NA,0,0,0,0,UA,Kiev,30.5038,50.4536,ECS,Z7,Europe & Central Asia,ECA,7E,Europe & Central Asia (excluding high income),LMC,XN,Lower middle income,IBD,XF,IBRD
URY,Uruguay,2008,2008,2008,2008,1,1,1,0,UY,Montevideo,-56.0675,-34.8941,LCN,ZJ,Latin America & Caribbean ,NA,NA,NA,HIC,XD,High income,IBD,XF,IBRD
UZB,Uzbekistan,NA,NA,NA,NA,0,0,0,0,UZ,Tashkent,69.269,41.3052,ECS,Z7,Europe & Central Asia,ECA,7E,Europe & Central Asia (excluding high income),LMC,XN,Lower middle income,IDB,XH,Blend
VUT,Vanuatu,NA,NA,NA,NA,0,0,0,0,VU,Port-Vila,168.321,-17.7404,EAS,Z4,East Asia & Pacific,EAP,4E,East Asia & Pacific (excluding high income),LMC,XN,Lower middle income,IDX,XI,IDA
VEN,"Venezuela, RB",NA,NA,NA,NA,0,0,0,0,VE,Caracas,-69.8371,9.08165,LCN,ZJ,Latin America & Caribbean ,LAC,XJ,Latin America & Caribbean (excluding high income),UMC,XT,Upper middle income,IBD,XF,IBRD
VNM,Vietnam,"2007, 2012, 2017","2007, 2012, 2017","2007, 2012, 2017","2007, 2012, 2017",1,1,1,1,VN,Hanoi,105.825,21.0069,EAS,Z4,East Asia & Pacific,EAP,4E,East Asia & Pacific (excluding high income),LMC,XN,Lower middle income,IBD,XF,IBRD
PSE,West Bank and Gaza,"2004, 2007, 2012, 2017","2004, 2007, 2012, 2017","2004, 2007, 2012, 2017","2004, 2007, 2012, 2017",1,1,1,1,PS,NA,NA,NA,MEA,ZQ,Middle East & North Africa,MNA,XQ,Middle East & North Africa (excluding high income),LMC,XN,Lower middle income,LNX,XX,Not classified
YEM,"Yemen, Rep.",NA,NA,NA,NA,0,0,0,0,YE,Sana'a,44.2075,15.352,MEA,ZQ,Middle East & North Africa,MNA,XQ,Middle East & North Africa (excluding high income),LIC,XM,Low income,IDX,XI,IDA
ZMB,Zambia,NA,NA,NA,NA,0,0,0,0,ZM,Lusaka,28.2937,-15.3982,SSF,ZG,Sub-Saharan Africa ,SSA,ZF,Sub-Saharan Africa (excluding high income),LMC,XN,Lower middle income,IDX,XI,IDA
ZWE,Zimbabwe,2013,2013,2013,2013,1,1,1,1,ZW,Harare,31.0672,-17.8312,SSF,ZG,Sub-Saharan Africa ,SSA,ZF,Sub-Saharan Africa (excluding high income),LMC,XN,Lower middle income,IDB,XH,Blend
